dataset,video_path,label
NTHU_DDD,nthu_ddd/subject001/alert/001_glasses_nonsleepyCombination.avi,ALERT
NTHU_DDD,nthu_ddd/subject001/alert/001_nightglasses_nonsleepyCombination.avi,ALERT
NTHU_DDD,nthu_ddd/subject001/alert/001_night_noglasses_nonsleepyCombination.avi,ALERT
NTHU_DDD,nthu_ddd/subject001/alert/001_noglasses_nonsleepyCombination.avi,ALERT
NTHU_DDD,nthu_ddd/subject001/alert/001_sunglasses_nonsleepyCombination.avi,ALERT
NTHU_DDD,nthu_ddd/subject001/drowsy/001_glasses_sleepyCombination.avi,DROWSY
NTHU_DDD,nthu_ddd/subject001/drowsy/001_glasses_slowBlinkWithNodding.avi,DROWSY
NTHU_DDD,nthu_ddd/subject001/drowsy/001_glasses_yawning.avi,DROWSY
NTHU_DDD,nthu_ddd/subject001/drowsy/001_nightglasses_sleepyCombination.avi,DROWSY
NTHU_DDD,nthu_ddd/subject001/drowsy/001_nightglasses_slowBlinkWithNodding.avi,DROWSY
NTHU_DDD,nthu_ddd/subject001/drowsy/001_nightglasses_yawning.avi,DROWSY
NTHU_DDD,nthu_ddd/subject001/drowsy/001_night_noglasses_sleepyCombination.avi,DROWSY
NTHU_DDD,nthu_ddd/subject001/drowsy/001_night_noglasses_slowBlinkWithNodding.avi,DROWSY
NTHU_DDD,nthu_ddd/subject001/drowsy/001_night_noglasses_yawning.avi,DROWSY
NTHU_DDD,nthu_ddd/subject001/drowsy/001_noglasses_sleepyCombination.avi,DROWSY
NTHU_DDD,nthu_ddd/subject001/drowsy/001_noglasses_slowBlinkWithNodding.avi,DROWSY
NTHU_DDD,nthu_ddd/subject001/drowsy/001_noglasses_yawning.avi,DROWSY
NTHU_DDD,nthu_ddd/subject001/drowsy/001_sunglasses_sleepyCombination.avi,DROWSY
NTHU_DDD,nthu_ddd/subject001/drowsy/001_sunglasses_slowBlinkWithNodding.avi,DROWSY
NTHU_DDD,nthu_ddd/subject001/drowsy/001_sunglasses_yawning.avi,DROWSY
NTHU_DDD,nthu_ddd/subject002/alert/002_glasses_nonsleepyCombination.avi,ALERT
NTHU_DDD,nthu_ddd/subject002/alert/002_nightglasses_nonsleepyCombination.avi,ALERT
NTHU_DDD,nthu_ddd/subject002/alert/002_night_noglasses_nonsleepyCombination.avi,ALERT
NTHU_DDD,nthu_ddd/subject002/alert/002_noglasses_nonsleepyCombination.avi,ALERT
NTHU_DDD,nthu_ddd/subject002/alert/002_sunglasses_nonsleepyCombination.avi,ALERT
NTHU_DDD,nthu_ddd/subject002/drowsy/002_glasses_sleepyCombination.avi,DROWSY
NTHU_DDD,nthu_ddd/subject002/drowsy/002_glasses_slowBlinkWithNodding.avi,DROWSY
NTHU_DDD,nthu_ddd/subject002/drowsy/002_glasses_yawning.avi,DROWSY
NTHU_DDD,nthu_ddd/subject002/drowsy/002_nightglasses_sleepyCombination.avi,DROWSY
NTHU_DDD,nthu_ddd/subject002/drowsy/002_nightglasses_slowBlinkWithNodding.avi,DROWSY
NTHU_DDD,nthu_ddd/subject002/drowsy/002_nightglasses_yawning.avi,DROWSY
NTHU_DDD,nthu_ddd/subject002/drowsy/002_night_noglasses_sleepyCombination.avi,DROWSY
NTHU_DDD,nthu_ddd/subject002/drowsy/002_night_noglasses_slowBlinkWithNodding.avi,DROWSY
NTHU_DDD,nthu_ddd/subject002/drowsy/002_night_noglasses_yawning.avi,DROWSY
NTHU_DDD,nthu_ddd/subject002/drowsy/002_noglasses_sleepyCombination.avi,DROWSY
NTHU_DDD,nthu_ddd/subject002/drowsy/002_noglasses_slowBlinkWithNodding.avi,DROWSY
NTHU_DDD,nthu_ddd/subject002/drowsy/002_noglasses_yawning.avi,DROWSY
NTHU_DDD,nthu_ddd/subject002/drowsy/002_sunglasses_sleepyCombination.avi,DROWSY
NTHU_DDD,nthu_ddd/subject002/drowsy/002_sunglasses_slowBlinkWithNodding.avi,DROWSY
NTHU_DDD,nthu_ddd/subject002/drowsy/002_sunglasses_yawning.avi,DROWSY
NTHU_DDD,nthu_ddd/subject005/alert/005_glasses_nonsleepyCombination.avi,ALERT
NTHU_DDD,nthu_ddd/subject005/alert/005_night_noglasses_nonsleepyCombination.avi,ALERT
NTHU_DDD,nthu_ddd/subject005/alert/005_noglasses_nonsleepyCombination.avi,ALERT
NTHU_DDD,nthu_ddd/subject005/alert/005_sunglasses_nonsleepyCombination.avi,ALERT
NTHU_DDD,nthu_ddd/subject005/drowsy/005_glasses_sleepyCombination.avi,DROWSY
NTHU_DDD,nthu_ddd/subject005/drowsy/005_glasses_slowBlinkWithNodding.avi,DROWSY
NTHU_DDD,nthu_ddd/subject005/drowsy/005_glasses_yawning.avi,DROWSY
NTHU_DDD,nthu_ddd/subject005/drowsy/005_night_noglasses_sleepyCombination.avi,DROWSY
NTHU_DDD,nthu_ddd/subject005/drowsy/005_night_noglasses_slowBlinkWithNodding.avi,DROWSY
NTHU_DDD,nthu_ddd/subject005/drowsy/005_night_noglasses_yawning.avi,DROWSY
NTHU_DDD,nthu_ddd/subject005/drowsy/005_noglasses_sleepyCombination.avi,DROWSY
NTHU_DDD,nthu_ddd/subject005/drowsy/005_noglasses_slowBlinkWithNodding.avi,DROWSY
NTHU_DDD,nthu_ddd/subject005/drowsy/005_noglasses_yawning.avi,DROWSY
NTHU_DDD,nthu_ddd/subject005/drowsy/005_sunglasses_sleepyCombination.avi,DROWSY
NTHU_DDD,nthu_ddd/subject005/drowsy/005_sunglasses_slowBlinkWithNodding.avi,DROWSY
NTHU_DDD,nthu_ddd/subject005/drowsy/005_sunglasses_yawning.avi,DROWSY
NTHU_DDD,nthu_ddd/subject006/alert/006_glasses_nonsleepyCombination.avi,ALERT
NTHU_DDD,nthu_ddd/subject006/alert/006_nightglasses_nonsleepyCombination.avi,ALERT
NTHU_DDD,nthu_ddd/subject006/alert/006_night_noglasses_nonsleepyCombination.avi,ALERT
NTHU_DDD,nthu_ddd/subject006/alert/006_noglasses_nonsleepyCombination.avi,ALERT
NTHU_DDD,nthu_ddd/subject006/alert/006_sunglasses_nonsleepyCombination.avi,ALERT
NTHU_DDD,nthu_ddd/subject006/drowsy/006_glasses_sleepyCombination.avi,DROWSY
NTHU_DDD,nthu_ddd/subject006/drowsy/006_glasses_slowBlinkWithNodding.avi,DROWSY
NTHU_DDD,nthu_ddd/subject006/drowsy/006_glasses_yawning.avi,DROWSY
NTHU_DDD,nthu_ddd/subject006/drowsy/006_nightglasses_sleepyCombination.avi,DROWSY
NTHU_DDD,nthu_ddd/subject006/drowsy/006_nightglasses_slowBlinkWithNodding.avi,DROWSY
NTHU_DDD,nthu_ddd/subject006/drowsy/006_nightglasses_yawning.avi,DROWSY
NTHU_DDD,nthu_ddd/subject006/drowsy/006_night_noglasses_sleepyCombination.avi,DROWSY
NTHU_DDD,nthu_ddd/subject006/drowsy/006_night_noglasses_slowBlinkWithNodding.avi,DROWSY
NTHU_DDD,nthu_ddd/subject006/drowsy/006_night_noglasses_yawning.avi,DROWSY
NTHU_DDD,nthu_ddd/subject006/drowsy/006_noglasses_sleepyCombination.avi,DROWSY
NTHU_DDD,nthu_ddd/subject006/drowsy/006_noglasses_slowBlinkWithNodding.avi,DROWSY
NTHU_DDD,nthu_ddd/subject006/drowsy/006_noglasses_yawning.avi,DROWSY
NTHU_DDD,nthu_ddd/subject006/drowsy/006_sunglasses_sleepyCombination.avi,DROWSY
NTHU_DDD,nthu_ddd/subject006/drowsy/006_sunglasses_slowBlinkWithNodding.avi,DROWSY
NTHU_DDD,nthu_ddd/subject006/drowsy/006_sunglasses_yawning.avi,DROWSY
NTHU_DDD,nthu_ddd/subject008/alert/008_glasses_nonsleepyCombination.avi,ALERT
NTHU_DDD,nthu_ddd/subject008/alert/008_nightglasses_nonsleepyCombination.avi,ALERT
NTHU_DDD,nthu_ddd/subject008/alert/008_night_noglasses_nonsleepyCombination.avi,ALERT
NTHU_DDD,nthu_ddd/subject008/alert/008_noglasses_nonsleepyCombination.avi,ALERT
NTHU_DDD,nthu_ddd/subject008/alert/008_sunglasses_nonsleepyCombination.avi,ALERT
NTHU_DDD,nthu_ddd/subject008/drowsy/008_glasses_sleepyCombination.avi,DROWSY
NTHU_DDD,nthu_ddd/subject008/drowsy/008_glasses_slowBlinkWithNodding.avi,DROWSY
NTHU_DDD,nthu_ddd/subject008/drowsy/008_glasses_yawning.avi,DROWSY
NTHU_DDD,nthu_ddd/subject008/drowsy/008_nightglasses_sleepyCombination.avi,DROWSY
NTHU_DDD,nthu_ddd/subject008/drowsy/008_nightglasses_slowBlinkWithNodding.avi,DROWSY
NTHU_DDD,nthu_ddd/subject008/drowsy/008_nightglasses_yawning.avi,DROWSY
NTHU_DDD,nthu_ddd/subject008/drowsy/008_night_noglasses_sleepyCombination.avi,DROWSY
NTHU_DDD,nthu_ddd/subject008/drowsy/008_night_noglasses_slowBlinkWithNodding.avi,DROWSY
NTHU_DDD,nthu_ddd/subject008/drowsy/008_night_noglasses_yawning.avi,DROWSY
NTHU_DDD,nthu_ddd/subject008/drowsy/008_noglasses_sleepyCombination.avi,DROWSY
NTHU_DDD,nthu_ddd/subject008/drowsy/008_noglasses_slowBlinkWithNodding.avi,DROWSY
NTHU_DDD,nthu_ddd/subject008/drowsy/008_noglasses_yawning.avi,DROWSY
NTHU_DDD,nthu_ddd/subject008/drowsy/008_sunglasses_sleepyCombination.avi,DROWSY
NTHU_DDD,nthu_ddd/subject008/drowsy/008_sunglasses_slowBlinkWithNodding.avi,DROWSY
NTHU_DDD,nthu_ddd/subject008/drowsy/008_sunglasses_yawning.avi,DROWSY
NTHU_DDD,nthu_ddd/subject009/alert/009_glasses_nonsleepyCombination.avi,ALERT
NTHU_DDD,nthu_ddd/subject009/alert/009_nightglasses_nonsleepyCombination.avi,ALERT
NTHU_DDD,nthu_ddd/subject009/alert/009_night_noglasses_nonsleepyCombination.avi,ALERT
NTHU_DDD,nthu_ddd/subject009/alert/009_noglasses_nonsleepyCombination.avi,ALERT
NTHU_DDD,nthu_ddd/subject009/alert/009_sunglasses_nonsleepyCombination.avi,ALERT
NTHU_DDD,nthu_ddd/subject009/drowsy/009_glasses_sleepyCombination.avi,DROWSY
NTHU_DDD,nthu_ddd/subject009/drowsy/009_glasses_slowBlinkWithNodding.avi,DROWSY
NTHU_DDD,nthu_ddd/subject009/drowsy/009_glasses_yawning.avi,DROWSY
NTHU_DDD,nthu_ddd/subject009/drowsy/009_nightglasses_sleepyCombination.avi,DROWSY
NTHU_DDD,nthu_ddd/subject009/drowsy/009_nightglasses_slowBlinkWithNodding.avi,DROWSY
NTHU_DDD,nthu_ddd/subject009/drowsy/009_nightglasses_yawning.avi,DROWSY
NTHU_DDD,nthu_ddd/subject009/drowsy/009_night_noglasses_sleepyCombination.avi,DROWSY
NTHU_DDD,nthu_ddd/subject009/drowsy/009_night_noglasses_slowBlinkWithNodding.avi,DROWSY
NTHU_DDD,nthu_ddd/subject009/drowsy/009_night_noglasses_yawning.avi,DROWSY
NTHU_DDD,nthu_ddd/subject009/drowsy/009_noglasses_sleepyCombination.avi,DROWSY
NTHU_DDD,nthu_ddd/subject009/drowsy/009_noglasses_slowBlinkWithNodding.avi,DROWSY
NTHU_DDD,nthu_ddd/subject009/drowsy/009_noglasses_yawning.avi,DROWSY
NTHU_DDD,nthu_ddd/subject009/drowsy/009_sunglasses_sleepyCombination.avi,DROWSY
NTHU_DDD,nthu_ddd/subject009/drowsy/009_sunglasses_slowBlinkWithNodding.avi,DROWSY
NTHU_DDD,nthu_ddd/subject009/drowsy/009_sunglasses_yawning.avi,DROWSY
NTHU_DDD,nthu_ddd/subject012/alert/012_glasses_nonsleepyCombination.avi,ALERT
NTHU_DDD,nthu_ddd/subject012/alert/012_nightglasses_nonsleepyCombination.avi,ALERT
NTHU_DDD,nthu_ddd/subject012/alert/012_night_noglasses_nonsleepyCombination.avi,ALERT
NTHU_DDD,nthu_ddd/subject012/alert/012_noglasses_nonsleepyCombination.avi,ALERT
NTHU_DDD,nthu_ddd/subject012/alert/012_sunglasses_nonsleepyCombination.avi,ALERT
NTHU_DDD,nthu_ddd/subject012/drowsy/012_glasses_sleepyCombination.avi,DROWSY
NTHU_DDD,nthu_ddd/subject012/drowsy/012_glasses_slowBlinkWithNodding.avi,DROWSY
NTHU_DDD,nthu_ddd/subject012/drowsy/012_glasses_yawning.avi,DROWSY
NTHU_DDD,nthu_ddd/subject012/drowsy/012_nightglasses_sleepyCombination.avi,DROWSY
NTHU_DDD,nthu_ddd/subject012/drowsy/012_nightglasses_slowBlinkWithNodding.avi,DROWSY
NTHU_DDD,nthu_ddd/subject012/drowsy/012_nightglasses_yawning.avi,DROWSY
NTHU_DDD,nthu_ddd/subject012/drowsy/012_night_noglasses_sleepyCombination.avi,DROWSY
NTHU_DDD,nthu_ddd/subject012/drowsy/012_night_noglasses_slowBlinkWithNodding.avi,DROWSY
NTHU_DDD,nthu_ddd/subject012/drowsy/012_night_noglasses_yawning.avi,DROWSY
NTHU_DDD,nthu_ddd/subject012/drowsy/012_noglasses_sleepyCombination.avi,DROWSY
NTHU_DDD,nthu_ddd/subject012/drowsy/012_noglasses_slowBlinkWithNodding.avi,DROWSY
NTHU_DDD,nthu_ddd/subject012/drowsy/012_noglasses_yawning.avi,DROWSY
NTHU_DDD,nthu_ddd/subject012/drowsy/012_sunglasses_sleepyCombination.avi,DROWSY
NTHU_DDD,nthu_ddd/subject012/drowsy/012_sunglasses_slowBlinkWithNodding.avi,DROWSY
NTHU_DDD,nthu_ddd/subject012/drowsy/012_sunglasses_yawning.avi,DROWSY
NTHU_DDD,nthu_ddd/subject013/alert/013_glasses_nonsleepyCombination.avi,ALERT
NTHU_DDD,nthu_ddd/subject013/alert/013_nightglasses_nonsleepyCombination.avi,ALERT
NTHU_DDD,nthu_ddd/subject013/alert/013_night_noglasses_nonsleepyCombination.avi,ALERT
NTHU_DDD,nthu_ddd/subject013/alert/013_noglasses_nonsleepyCombination.avi,ALERT
NTHU_DDD,nthu_ddd/subject013/alert/013_sunglasses_nonsleepyCombination.avi,ALERT
NTHU_DDD,nthu_ddd/subject013/drowsy/013_glasses_sleepyCombination.avi,DROWSY
NTHU_DDD,nthu_ddd/subject013/drowsy/013_glasses_slowBlinkWithNodding.avi,DROWSY
NTHU_DDD,nthu_ddd/subject013/drowsy/013_glasses_yawning.avi,DROWSY
NTHU_DDD,nthu_ddd/subject013/drowsy/013_nightglasses_sleepyCombination.avi,DROWSY
NTHU_DDD,nthu_ddd/subject013/drowsy/013_nightglasses_slowBlinkWithNodding.avi,DROWSY
NTHU_DDD,nthu_ddd/subject013/drowsy/013_nightglasses_yawning.avi,DROWSY
NTHU_DDD,nthu_ddd/subject013/drowsy/013_night_noglasses_sleepyCombination.avi,DROWSY
NTHU_DDD,nthu_ddd/subject013/drowsy/013_night_noglasses_slowBlinkWithNodding.avi,DROWSY
NTHU_DDD,nthu_ddd/subject013/drowsy/013_night_noglasses_yawning.avi,DROWSY
NTHU_DDD,nthu_ddd/subject013/drowsy/013_noglasses_sleepyCombination.avi,DROWSY
NTHU_DDD,nthu_ddd/subject013/drowsy/013_noglasses_slowBlinkWithNodding.avi,DROWSY
NTHU_DDD,nthu_ddd/subject013/drowsy/013_noglasses_yawning.avi,DROWSY
NTHU_DDD,nthu_ddd/subject013/drowsy/013_sunglasses_sleepyCombination.avi,DROWSY
NTHU_DDD,nthu_ddd/subject013/drowsy/013_sunglasses_slowBlinkWithNodding.avi,DROWSY
NTHU_DDD,nthu_ddd/subject013/drowsy/013_sunglasses_yawning.avi,DROWSY
NTHU_DDD,nthu_ddd/subject015/alert/015_glasses_nonsleepyCombination.avi,ALERT
NTHU_DDD,nthu_ddd/subject015/alert/015_nightglasses_nonsleepyCombination.avi,ALERT
NTHU_DDD,nthu_ddd/subject015/alert/015_night_noglasses_nonsleepyCombination.avi,ALERT
NTHU_DDD,nthu_ddd/subject015/alert/015_noglasses_nonsleepyCombination.avi,ALERT
NTHU_DDD,nthu_ddd/subject015/alert/015_sunglasses_nonsleepyCombination.avi,ALERT
NTHU_DDD,nthu_ddd/subject015/drowsy/015_glasses_sleepyCombination.avi,DROWSY
NTHU_DDD,nthu_ddd/subject015/drowsy/015_glasses_slowBlinkWithNodding.avi,DROWSY
NTHU_DDD,nthu_ddd/subject015/drowsy/015_glasses_yawning.avi,DROWSY
NTHU_DDD,nthu_ddd/subject015/drowsy/015_nightglasses_sleepyCombination.avi,DROWSY
NTHU_DDD,nthu_ddd/subject015/drowsy/015_nightglasses_slowBlinkWithNodding.avi,DROWSY
NTHU_DDD,nthu_ddd/subject015/drowsy/015_nightglasses_yawning.avi,DROWSY
NTHU_DDD,nthu_ddd/subject015/drowsy/015_night_noglasses_sleepyCombination.avi,DROWSY
NTHU_DDD,nthu_ddd/subject015/drowsy/015_night_noglasses_slowBlinkWithNodding.avi,DROWSY
NTHU_DDD,nthu_ddd/subject015/drowsy/015_night_noglasses_yawning.avi,DROWSY
NTHU_DDD,nthu_ddd/subject015/drowsy/015_noglasses_sleepyCombination.avi,DROWSY
NTHU_DDD,nthu_ddd/subject015/drowsy/015_noglasses_slowBlinkWithNodding.avi,DROWSY
NTHU_DDD,nthu_ddd/subject015/drowsy/015_noglasses_yawning.avi,DROWSY
NTHU_DDD,nthu_ddd/subject015/drowsy/015_sunglasses_sleepyCombination.avi,DROWSY
NTHU_DDD,nthu_ddd/subject015/drowsy/015_sunglasses_slowBlinkWithNodding.avi,DROWSY
NTHU_DDD,nthu_ddd/subject015/drowsy/015_sunglasses_yawning.avi,DROWSY
NTHU_DDD,nthu_ddd/subject020/alert/020_glasses_nonsleepyCombination.avi,ALERT
NTHU_DDD,nthu_ddd/subject020/alert/020_nightglasses_nonsleepyCombination.avi,ALERT
NTHU_DDD,nthu_ddd/subject020/alert/020_night_noglasses_nonsleepyCombination.avi,ALERT
NTHU_DDD,nthu_ddd/subject020/alert/020_noglasses_nonsleepyCombination.avi,ALERT
NTHU_DDD,nthu_ddd/subject020/alert/020_sunglasses_nonsleepyCombination.avi,ALERT
NTHU_DDD,nthu_ddd/subject020/drowsy/020_glasses_sleepyCombination.avi,DROWSY
NTHU_DDD,nthu_ddd/subject020/drowsy/020_glasses_slowBlinkWithNodding.avi,DROWSY
NTHU_DDD,nthu_ddd/subject020/drowsy/020_glasses_yawning.avi,DROWSY
NTHU_DDD,nthu_ddd/subject020/drowsy/020_nightglasses_sleepyCombination.avi,DROWSY
NTHU_DDD,nthu_ddd/subject020/drowsy/020_nightglasses_slowBlinkWithNodding.avi,DROWSY
NTHU_DDD,nthu_ddd/subject020/drowsy/020_nightglasses_yawning.avi,DROWSY
NTHU_DDD,nthu_ddd/subject020/drowsy/020_night_noglasses_sleepyCombination.avi,DROWSY
NTHU_DDD,nthu_ddd/subject020/drowsy/020_night_noglasses_slowBlinkWithNodding.avi,DROWSY
NTHU_DDD,nthu_ddd/subject020/drowsy/020_night_noglasses_yawning.avi,DROWSY
NTHU_DDD,nthu_ddd/subject020/drowsy/020_noglasses_sleepyCombination.avi,DROWSY
NTHU_DDD,nthu_ddd/subject020/drowsy/020_noglasses_slowBlinkWithNodding.avi,DROWSY
NTHU_DDD,nthu_ddd/subject020/drowsy/020_noglasses_yawning.avi,DROWSY
NTHU_DDD,nthu_ddd/subject020/drowsy/020_sunglasses_sleepyCombination.avi,DROWSY
NTHU_DDD,nthu_ddd/subject020/drowsy/020_sunglasses_slowBlinkWithNodding.avi,DROWSY
NTHU_DDD,nthu_ddd/subject020/drowsy/020_sunglasses_yawning.avi,DROWSY
NTHU_DDD,nthu_ddd/subject023/alert/023_glasses_nonsleepyCombination.avi,ALERT
NTHU_DDD,nthu_ddd/subject023/alert/023_nightglasses_nonsleepyCombination.avi,ALERT
NTHU_DDD,nthu_ddd/subject023/alert/023_night_noglasses_nonsleepyCombination.avi,ALERT
NTHU_DDD,nthu_ddd/subject023/alert/023_noglasses_nonsleepyCombination.avi,ALERT
NTHU_DDD,nthu_ddd/subject023/alert/023_sunglasses_nonsleepyCombination.avi,ALERT
NTHU_DDD,nthu_ddd/subject023/drowsy/023_glasses_sleepyCombination.avi,DROWSY
NTHU_DDD,nthu_ddd/subject023/drowsy/023_glasses_slowBlinkWithNodding.avi,DROWSY
NTHU_DDD,nthu_ddd/subject023/drowsy/023_glasses_yawning.avi,DROWSY
NTHU_DDD,nthu_ddd/subject023/drowsy/023_nightglasses_sleepyCombination.avi,DROWSY
NTHU_DDD,nthu_ddd/subject023/drowsy/023_nightglasses_slowBlinkWithNodding.avi,DROWSY
NTHU_DDD,nthu_ddd/subject023/drowsy/023_nightglasses_yawning.avi,DROWSY
NTHU_DDD,nthu_ddd/subject023/drowsy/023_night_noglasses_sleepyCombination.avi,DROWSY
NTHU_DDD,nthu_ddd/subject023/drowsy/023_night_noglasses_slowBlinkWithNodding.avi,DROWSY
NTHU_DDD,nthu_ddd/subject023/drowsy/023_night_noglasses_yawning.avi,DROWSY
NTHU_DDD,nthu_ddd/subject023/drowsy/023_noglasses_sleepyCombination.avi,DROWSY
NTHU_DDD,nthu_ddd/subject023/drowsy/023_noglasses_slowBlinkWithNodding.avi,DROWSY
NTHU_DDD,nthu_ddd/subject023/drowsy/023_noglasses_yawning.avi,DROWSY
NTHU_DDD,nthu_ddd/subject023/drowsy/023_sunglasses_sleepyCombination.avi,DROWSY
NTHU_DDD,nthu_ddd/subject023/drowsy/023_sunglasses_slowBlinkWithNodding.avi,DROWSY
NTHU_DDD,nthu_ddd/subject023/drowsy/023_sunglasses_yawning.avi,DROWSY
NTHU_DDD,nthu_ddd/subject024/alert/024_glasses_nonsleepyCombination.avi,ALERT
NTHU_DDD,nthu_ddd/subject024/alert/024_nightglasses_nonsleepyCombination.avi,ALERT
NTHU_DDD,nthu_ddd/subject024/alert/024_night_noglasses_nonsleepyCombination.avi,ALERT
NTHU_DDD,nthu_ddd/subject024/alert/024_noglasses_nonsleepyCombination.avi,ALERT
NTHU_DDD,nthu_ddd/subject024/alert/024_sunglasses_nonsleepyCombination.avi,ALERT
NTHU_DDD,nthu_ddd/subject024/drowsy/024_glasses_sleepyCombination.avi,DROWSY
NTHU_DDD,nthu_ddd/subject024/drowsy/024_glasses_slowBlinkWithNodding.avi,DROWSY
NTHU_DDD,nthu_ddd/subject024/drowsy/024_glasses_yawning.avi,DROWSY
NTHU_DDD,nthu_ddd/subject024/drowsy/024_nightglasses_sleepyCombination.avi,DROWSY
NTHU_DDD,nthu_ddd/subject024/drowsy/024_nightglasses_slowBlinkWithNodding.avi,DROWSY
NTHU_DDD,nthu_ddd/subject024/drowsy/024_nightglasses_yawning.avi,DROWSY
NTHU_DDD,nthu_ddd/subject024/drowsy/024_night_noglasses_sleepyCombination.avi,DROWSY
NTHU_DDD,nthu_ddd/subject024/drowsy/024_night_noglasses_slowBlinkWithNodding.avi,DROWSY
NTHU_DDD,nthu_ddd/subject024/drowsy/024_night_noglasses_yawning.avi,DROWSY
NTHU_DDD,nthu_ddd/subject024/drowsy/024_noglasses_sleepyCombination.avi,DROWSY
NTHU_DDD,nthu_ddd/subject024/drowsy/024_noglasses_slowBlinkWithNodding.avi,DROWSY
NTHU_DDD,nthu_ddd/subject024/drowsy/024_noglasses_yawning.avi,DROWSY
NTHU_DDD,nthu_ddd/subject024/drowsy/024_sunglasses_sleepyCombination.avi,DROWSY
NTHU_DDD,nthu_ddd/subject024/drowsy/024_sunglasses_slowBlinkWithNodding.avi,DROWSY
NTHU_DDD,nthu_ddd/subject024/drowsy/024_sunglasses_yawning.avi,DROWSY
NTHU_DDD,nthu_ddd/subject031/alert/031_glasses_nonsleepyCombination.avi,ALERT
NTHU_DDD,nthu_ddd/subject031/alert/031_nightglasses_nonsleepyCombination.avi,ALERT
NTHU_DDD,nthu_ddd/subject031/alert/031_night_noglasses_nonsleepyCombination.avi,ALERT
NTHU_DDD,nthu_ddd/subject031/alert/031_noglasses_nonsleepyCombination.avi,ALERT
NTHU_DDD,nthu_ddd/subject031/alert/031_sunglasses_nonsleepyCombination.avi,ALERT
NTHU_DDD,nthu_ddd/subject031/drowsy/031_glasses_sleepyCombination.avi,DROWSY
NTHU_DDD,nthu_ddd/subject031/drowsy/031_glasses_slowBlinkWithNodding.avi,DROWSY
NTHU_DDD,nthu_ddd/subject031/drowsy/031_glasses_yawning.avi,DROWSY
NTHU_DDD,nthu_ddd/subject031/drowsy/031_nightglasses_sleepyCombination.avi,DROWSY
NTHU_DDD,nthu_ddd/subject031/drowsy/031_nightglasses_slowBlinkWithNodding.avi,DROWSY
NTHU_DDD,nthu_ddd/subject031/drowsy/031_nightglasses_yawning.avi,DROWSY
NTHU_DDD,nthu_ddd/subject031/drowsy/031_night_noglasses_sleepyCombination.avi,DROWSY
NTHU_DDD,nthu_ddd/subject031/drowsy/031_night_noglasses_slowBlinkWithNodding.avi,DROWSY
NTHU_DDD,nthu_ddd/subject031/drowsy/031_night_noglasses_yawning.avi,DROWSY
NTHU_DDD,nthu_ddd/subject031/drowsy/031_noglasses_sleepyCombination.avi,DROWSY
NTHU_DDD,nthu_ddd/subject031/drowsy/031_noglasses_slowBlinkWithNodding.avi,DROWSY
NTHU_DDD,nthu_ddd/subject031/drowsy/031_noglasses_yawning.avi,DROWSY
NTHU_DDD,nthu_ddd/subject031/drowsy/031_sunglasses_sleepyCombination.avi,DROWSY
NTHU_DDD,nthu_ddd/subject031/drowsy/031_sunglasses_slowBlinkWithNodding.avi,DROWSY
NTHU_DDD,nthu_ddd/subject031/drowsy/031_sunglasses_yawning.avi,DROWSY
NTHU_DDD,nthu_ddd/subject032/alert/032_glasses_nonsleepyCombination.avi,ALERT
NTHU_DDD,nthu_ddd/subject032/alert/032_nightglasses_nonsleepyCombination.avi,ALERT
NTHU_DDD,nthu_ddd/subject032/alert/032_night_noglasses_nonsleepyCombination.avi,ALERT
NTHU_DDD,nthu_ddd/subject032/alert/032_noglasses_nonsleepyCombination.avi,ALERT
NTHU_DDD,nthu_ddd/subject032/alert/032_sunglasses_nonsleepyCombination.avi,ALERT
NTHU_DDD,nthu_ddd/subject032/drowsy/032_glasses_sleepyCombination.avi,DROWSY
NTHU_DDD,nthu_ddd/subject032/drowsy/032_glasses_slowBlinkWithNodding.avi,DROWSY
NTHU_DDD,nthu_ddd/subject032/drowsy/032_glasses_yawning.avi,DROWSY
NTHU_DDD,nthu_ddd/subject032/drowsy/032_nightglasses_sleepyCombination.avi,DROWSY
NTHU_DDD,nthu_ddd/subject032/drowsy/032_nightglasses_slowBlinkWithNodding.avi,DROWSY
NTHU_DDD,nthu_ddd/subject032/drowsy/032_nightglasses_yawning.avi,DROWSY
NTHU_DDD,nthu_ddd/subject032/drowsy/032_night_noglasses_sleepyCombination.avi,DROWSY
NTHU_DDD,nthu_ddd/subject032/drowsy/032_night_noglasses_slowBlinkWithNodding.avi,DROWSY
NTHU_DDD,nthu_ddd/subject032/drowsy/032_night_noglasses_yawning.avi,DROWSY
NTHU_DDD,nthu_ddd/subject032/drowsy/032_noglasses_sleepyCombination.avi,DROWSY
NTHU_DDD,nthu_ddd/subject032/drowsy/032_noglasses_slowBlinkWithNodding.avi,DROWSY
NTHU_DDD,nthu_ddd/subject032/drowsy/032_noglasses_yawning.avi,DROWSY
NTHU_DDD,nthu_ddd/subject032/drowsy/032_sunglasses_sleepyCombination.avi,DROWSY
NTHU_DDD,nthu_ddd/subject032/drowsy/032_sunglasses_slowBlinkWithNodding.avi,DROWSY
NTHU_DDD,nthu_ddd/subject032/drowsy/032_sunglasses_yawning.avi,DROWSY
NTHU_DDD,nthu_ddd/subject033/alert/033_glasses_nonsleepyCombination.avi,ALERT
NTHU_DDD,nthu_ddd/subject033/alert/033_nightglasses_nonsleepyCombination.avi,ALERT
NTHU_DDD,nthu_ddd/subject033/alert/033_night_noglasses_nonsleepyCombination.avi,ALERT
NTHU_DDD,nthu_ddd/subject033/alert/033_noglasses_nonsleepyCombination.avi,ALERT
NTHU_DDD,nthu_ddd/subject033/alert/033_sunglasses_nonsleepyCombination.avi,ALERT
NTHU_DDD,nthu_ddd/subject033/drowsy/033_glasses_sleepyCombination.avi,DROWSY
NTHU_DDD,nthu_ddd/subject033/drowsy/033_glasses_slowBlinkWithNodding.avi,DROWSY
NTHU_DDD,nthu_ddd/subject033/drowsy/033_glasses_yawning.avi,DROWSY
NTHU_DDD,nthu_ddd/subject033/drowsy/033_nightglasses_sleepyCombination.avi,DROWSY
NTHU_DDD,nthu_ddd/subject033/drowsy/033_nightglasses_slowBlinkWithNodding.avi,DROWSY
NTHU_DDD,nthu_ddd/subject033/drowsy/033_nightglasses_yawning.avi,DROWSY
NTHU_DDD,nthu_ddd/subject033/drowsy/033_night_noglasses_sleepyCombination.avi,DROWSY
NTHU_DDD,nthu_ddd/subject033/drowsy/033_night_noglasses_slowBlinkWithNodding.avi,DROWSY
NTHU_DDD,nthu_ddd/subject033/drowsy/033_night_noglasses_yawning.avi,DROWSY
NTHU_DDD,nthu_ddd/subject033/drowsy/033_noglasses_sleepyCombination.avi,DROWSY
NTHU_DDD,nthu_ddd/subject033/drowsy/033_noglasses_slowBlinkWithNodding.avi,DROWSY
NTHU_DDD,nthu_ddd/subject033/drowsy/033_noglasses_yawning.avi,DROWSY
NTHU_DDD,nthu_ddd/subject033/drowsy/033_sunglasses_sleepyCombination.avi,DROWSY
NTHU_DDD,nthu_ddd/subject033/drowsy/033_sunglasses_slowBlinkWithNodding.avi,DROWSY
NTHU_DDD,nthu_ddd/subject033/drowsy/033_sunglasses_yawning.avi,DROWSY
NTHU_DDD,nthu_ddd/subject034/alert/034_glasses_nonsleepyCombination.avi,ALERT
NTHU_DDD,nthu_ddd/subject034/alert/034_nightglasses_nonsleepyCombination.avi,ALERT
NTHU_DDD,nthu_ddd/subject034/alert/034_night_noglasses_nonsleepyCombination.avi,ALERT
NTHU_DDD,nthu_ddd/subject034/alert/034_noglasses_nonsleepyCombination.avi,ALERT
NTHU_DDD,nthu_ddd/subject034/alert/034_sunglasses_nonsleepyCombination.avi,ALERT
NTHU_DDD,nthu_ddd/subject034/drowsy/034_glasses_sleepyCombination.avi,DROWSY
NTHU_DDD,nthu_ddd/subject034/drowsy/034_glasses_slowBlinkWithNodding.avi,DROWSY
NTHU_DDD,nthu_ddd/subject034/drowsy/034_glasses_yawning.avi,DROWSY
NTHU_DDD,nthu_ddd/subject034/drowsy/034_nightglasses_sleepyCombination.avi,DROWSY
NTHU_DDD,nthu_ddd/subject034/drowsy/034_nightglasses_slowBlinkWithNodding.avi,DROWSY
NTHU_DDD,nthu_ddd/subject034/drowsy/034_nightglasses_yawning.avi,DROWSY
NTHU_DDD,nthu_ddd/subject034/drowsy/034_night_noglasses_sleepyCombination.avi,DROWSY
NTHU_DDD,nthu_ddd/subject034/drowsy/034_night_noglasses_slowBlinkWithNodding.avi,DROWSY
NTHU_DDD,nthu_ddd/subject034/drowsy/034_night_noglasses_yawning.avi,DROWSY
NTHU_DDD,nthu_ddd/subject034/drowsy/034_noglasses_sleepyCombination.avi,DROWSY
NTHU_DDD,nthu_ddd/subject034/drowsy/034_noglasses_slowBlinkWithNodding.avi,DROWSY
NTHU_DDD,nthu_ddd/subject034/drowsy/034_noglasses_yawning.avi,DROWSY
NTHU_DDD,nthu_ddd/subject034/drowsy/034_sunglasses_sleepyCombination.avi,DROWSY
NTHU_DDD,nthu_ddd/subject034/drowsy/034_sunglasses_slowBlinkWithNodding.avi,DROWSY
NTHU_DDD,nthu_ddd/subject034/drowsy/034_sunglasses_yawning.avi,DROWSY
NTHU_DDD,nthu_ddd/subject035/alert/035_glasses_nonsleepyCombination.avi,ALERT
NTHU_DDD,nthu_ddd/subject035/alert/035_nightglasses_nonsleepyCombination.avi,ALERT
NTHU_DDD,nthu_ddd/subject035/alert/035_night_noglasses_nonsleepyCombination.avi,ALERT
NTHU_DDD,nthu_ddd/subject035/alert/035_noglasses_nonsleepyCombination.avi,ALERT
NTHU_DDD,nthu_ddd/subject035/alert/035_sunglasses_nonsleepyCombination.avi,ALERT
NTHU_DDD,nthu_ddd/subject035/drowsy/035_glasses_sleepyCombination.avi,DROWSY
NTHU_DDD,nthu_ddd/subject035/drowsy/035_glasses_slowBlinkWithNodding.avi,DROWSY
NTHU_DDD,nthu_ddd/subject035/drowsy/035_glasses_yawning.avi,DROWSY
NTHU_DDD,nthu_ddd/subject035/drowsy/035_nightglasses_sleepyCombination.avi,DROWSY
NTHU_DDD,nthu_ddd/subject035/drowsy/035_nightglasses_slowBlinkWithNodding.avi,DROWSY
NTHU_DDD,nthu_ddd/subject035/drowsy/035_nightglasses_yawning.avi,DROWSY
NTHU_DDD,nthu_ddd/subject035/drowsy/035_night_noglasses_sleepyCombination.avi,DROWSY
NTHU_DDD,nthu_ddd/subject035/drowsy/035_night_noglasses_slowBlinkWithNodding.avi,DROWSY
NTHU_DDD,nthu_ddd/subject035/drowsy/035_night_noglasses_yawning.avi,DROWSY
NTHU_DDD,nthu_ddd/subject035/drowsy/035_noglasses_sleepyCombination.avi,DROWSY
NTHU_DDD,nthu_ddd/subject035/drowsy/035_noglasses_slowBlinkWithNodding.avi,DROWSY
NTHU_DDD,nthu_ddd/subject035/drowsy/035_noglasses_yawning.avi,DROWSY
NTHU_DDD,nthu_ddd/subject035/drowsy/035_sunglasses_sleepyCombination.avi,DROWSY
NTHU_DDD,nthu_ddd/subject035/drowsy/035_sunglasses_slowBlinkWithNodding.avi,DROWSY
NTHU_DDD,nthu_ddd/subject035/drowsy/035_sunglasses_yawning.avi,DROWSY
NTHU_DDD,nthu_ddd/subject036/alert/036_glasses_nonsleepyCombination.avi,ALERT
NTHU_DDD,nthu_ddd/subject036/alert/036_nightglasses_nonsleepyCombination.avi,ALERT
NTHU_DDD,nthu_ddd/subject036/alert/036_night_noglasses_nonsleepyCombination.avi,ALERT
NTHU_DDD,nthu_ddd/subject036/alert/036_noglasses_nonsleepyCombination.avi,ALERT
NTHU_DDD,nthu_ddd/subject036/alert/036_sunglasses_nonsleepyCombination.avi,ALERT
NTHU_DDD,nthu_ddd/subject036/drowsy/036_glasses_sleepyCombination.avi,DROWSY
NTHU_DDD,nthu_ddd/subject036/drowsy/036_glasses_slowBlinkWithNodding.avi,DROWSY
NTHU_DDD,nthu_ddd/subject036/drowsy/036_glasses_yawning.avi,DROWSY
NTHU_DDD,nthu_ddd/subject036/drowsy/036_nightglasses_sleepyCombination.avi,DROWSY
NTHU_DDD,nthu_ddd/subject036/drowsy/036_nightglasses_slowBlinkWithNodding.avi,DROWSY
NTHU_DDD,nthu_ddd/subject036/drowsy/036_nightglasses_yawning.avi,DROWSY
NTHU_DDD,nthu_ddd/subject036/drowsy/036_night_noglasses_sleepyCombination.avi,DROWSY
NTHU_DDD,nthu_ddd/subject036/drowsy/036_night_noglasses_slowBlinkWithNodding.avi,DROWSY
NTHU_DDD,nthu_ddd/subject036/drowsy/036_night_noglasses_yawning.avi,DROWSY
NTHU_DDD,nthu_ddd/subject036/drowsy/036_noglasses_sleepyCombination.avi,DROWSY
NTHU_DDD,nthu_ddd/subject036/drowsy/036_noglasses_slowBlinkWithNodding.avi,DROWSY
NTHU_DDD,nthu_ddd/subject036/drowsy/036_noglasses_yawning.avi,DROWSY
NTHU_DDD,nthu_ddd/subject036/drowsy/036_sunglasses_sleepyCombination.avi,DROWSY
NTHU_DDD,nthu_ddd/subject036/drowsy/036_sunglasses_slowBlinkWithNodding.avi,DROWSY
NTHU_DDD,nthu_ddd/subject036/drowsy/036_sunglasses_yawning.avi,DROWSY
YawDD,yawdd/normal/30-FemaleNoGlasses-Normal.avi,ALERT
YawDD,yawdd/normal/31-FemaleGlasses-Normal.avi,ALERT
YawDD,yawdd/normal/36-FemaleNoGlasses-Normal.avi,ALERT
YawDD,yawdd/normal/40-MaleNoGlasses-Normal.avi,ALERT
YawDD,yawdd/normal/41-FemaleGlasses-Normal.avi,ALERT
YawDD,yawdd/normal/43-MaleNoGlasses-Normal.avi,ALERT
YawDD,yawdd/normal/47-MaleNoGlasses-Normal.avi,ALERT
YawDD,yawdd/yawning/11-MaleGlasses-Yawning.avi,DROWSY
YawDD,yawdd/yawning/30-FemaleNoGlasses-Yawning.avi,DROWSY
YawDD,yawdd/yawning/31-FemaleGlasses-Yawning.avi,DROWSY
YawDD,yawdd/yawning/36-FemaleNoGlasses-Yawning.avi,DROWSY
YawDD,yawdd/yawning/38-FemaleNoGlasses-Yawning.avi,DROWSY
YawDD,yawdd/yawning/39-MaleGlasses-Yawning.avi,DROWSY
YawDD,yawdd/yawning/40-FemaleNoGlasses-Yawning.avi,DROWSY
YawDD,yawdd/yawning/40-MaleNoGlasses-Yawning.avi,DROWSY
YawDD,yawdd/yawning/41-FemaleGlasses-Yawning.avi,DROWSY
YawDD,yawdd/yawning/41-MaleNoGlasses-Yawning.avi,DROWSY
YawDD,yawdd/yawning/42-MaleNoGlasses-Yawning.avi,DROWSY
YawDD,yawdd/yawning/43-FemaleNoGlasses-Yawning.avi,DROWSY
YawDD,yawdd/yawning/43-MaleNoGlasses-Yawning.avi,DROWSY
YawDD,yawdd/yawning/44-MaleNoGlasses-Yawning.avi,DROWSY
YawDD,yawdd/yawning/47-MaleNoGlasses-Yawning.avi,DROWSY
UTA_RLDD,uta_rldd/subject01/alert.mov,ALERT
UTA_RLDD,uta_rldd/subject01/drowsy.MOV,DROWSY
UTA_RLDD,uta_rldd/subject01/low_vigilance.mov,DROWSY
UTA_RLDD,uta_rldd/subject02/alert.mov,ALERT
UTA_RLDD,uta_rldd/subject02/drowsy.MOV,DROWSY
UTA_RLDD,uta_rldd/subject02/low_vigilance.MOV,DROWSY
UTA_RLDD,uta_rldd/subject03/alert.MOV,ALERT
UTA_RLDD,uta_rldd/subject03/drowsy.mov,DROWSY
UTA_RLDD,uta_rldd/subject03/low_vigilance.mov,DROWSY
UTA_RLDD,uta_rldd/subject04/alert.mp4,ALERT
UTA_RLDD,uta_rldd/subject04/drowsy.mp4,DROWSY
UTA_RLDD,uta_rldd/subject04/low_vigilance.mp4,DROWSY
UTA_RLDD,uta_rldd/subject05/alert.MOV,ALERT
UTA_RLDD,uta_rldd/subject05/drowsy.MOV,DROWSY
UTA_RLDD,uta_rldd/subject05/low_vigilance.MOV,DROWSY
UTA_RLDD,uta_rldd/subject06/alert.mp4,ALERT
UTA_RLDD,uta_rldd/subject06/drowsy.mp4,DROWSY
UTA_RLDD,uta_rldd/subject06/low_vigilance.mp4,DROWSY
UTA_RLDD,uta_rldd/subject07/alert.mp4,ALERT
UTA_RLDD,uta_rldd/subject07/drowsy.mp4,DROWSY
UTA_RLDD,uta_rldd/subject07/low_vigilance.mp4,DROWSY
UTA_RLDD,uta_rldd/subject08/alert.mp4,ALERT
UTA_RLDD,uta_rldd/subject08/drowsy.mp4,DROWSY
UTA_RLDD,uta_rldd/subject08/low_vigilance.mp4,DROWSY
UTA_RLDD,uta_rldd/subject09/alert.mp4,ALERT
UTA_RLDD,uta_rldd/subject09/drowsy.mp4,DROWSY
UTA_RLDD,uta_rldd/subject09/low_vigilance.mp4,DROWSY
UTA_RLDD,uta_rldd/subject10/alert.MOV,ALERT
UTA_RLDD,uta_rldd/subject10/drowsy.MOV,DROWSY
UTA_RLDD,uta_rldd/subject10/low_vigilance.MOV,DROWSY
UTA_RLDD,uta_rldd/subject11/alert.mp4,ALERT
UTA_RLDD,uta_rldd/subject11/drowsy.mp4,DROWSY
UTA_RLDD,uta_rldd/subject11/low_vigilance.mp4,DROWSY
UTA_RLDD,uta_rldd/subject12/alert.mp4,ALERT
UTA_RLDD,uta_rldd/subject12/drowsy.mp4,DROWSY
UTA_RLDD,uta_rldd/subject12/low_vigilance.mp4,DROWSY
UTA_RLDD,uta_rldd/subject13/alert.mp4,ALERT
UTA_RLDD,uta_rldd/subject13/drowsy.mp4,DROWSY
UTA_RLDD,uta_rldd/subject13/low_vigilance.mp4,DROWSY
UTA_RLDD,uta_rldd/subject14/alert.mp4,ALERT
UTA_RLDD,uta_rldd/subject14/drowsy.mp4,DROWSY
UTA_RLDD,uta_rldd/subject14/low_vigilance.mp4,DROWSY
UTA_RLDD,uta_rldd/subject15/alert.mp4,ALERT
UTA_RLDD,uta_rldd/subject15/drowsy.mp4,DROWSY
UTA_RLDD,uta_rldd/subject15/low_vigilance.mp4,DROWSY
UTA_RLDD,uta_rldd/subject16/alert.MOV,ALERT
UTA_RLDD,uta_rldd/subject16/drowsy.MOV,DROWSY
UTA_RLDD,uta_rldd/subject16/low_vigilance.MOV,DROWSY
UTA_RLDD,uta_rldd/subject17/alert.mp4,ALERT
UTA_RLDD,uta_rldd/subject17/drowsy.mp4,DROWSY
UTA_RLDD,uta_rldd/subject17/low_vigilance.mp4,DROWSY
UTA_RLDD,uta_rldd/subject18/alert.mov,ALERT
UTA_RLDD,uta_rldd/subject18/drowsy.mov,DROWSY
UTA_RLDD,uta_rldd/subject18/low_vigilance.mov,DROWSY
UTA_RLDD,uta_rldd/subject19/alert.MOV,ALERT
UTA_RLDD,uta_rldd/subject19/drowsy.MOV,DROWSY
UTA_RLDD,uta_rldd/subject19/low_vigilance.MOV,DROWSY
UTA_RLDD,uta_rldd/subject20/alert.mp4,ALERT
UTA_RLDD,uta_rldd/subject20/drowsy.mp4,DROWSY
UTA_RLDD,uta_rldd/subject20/low_vigilance.MOV,DROWSY
UTA_RLDD,uta_rldd/subject21/alert.MOV,ALERT
UTA_RLDD,uta_rldd/subject21/drowsy.MOV,DROWSY
UTA_RLDD,uta_rldd/subject21/low_vigilance.MOV,DROWSY
UTA_RLDD,uta_rldd/subject22/alert.MOV,ALERT
UTA_RLDD,uta_rldd/subject22/drowsy.MOV,DROWSY
UTA_RLDD,uta_rldd/subject22/low_vigilance.MOV,DROWSY
UTA_RLDD,uta_rldd/subject23/alert.mp4,ALERT
UTA_RLDD,uta_rldd/subject23/drowsy.mp4,DROWSY
UTA_RLDD,uta_rldd/subject23/low_vigilance.mp4,DROWSY
UTA_RLDD,uta_rldd/subject24/alert.mp4,ALERT
UTA_RLDD,uta_rldd/subject24/drowsy.mp4,DROWSY
UTA_RLDD,uta_rldd/subject24/low_vigilance.mp4,DROWSY
UTA_RLDD,uta_rldd/subject25/alert.mp4,ALERT
UTA_RLDD,uta_rldd/subject25/drowsy.mp4,DROWSY
UTA_RLDD,uta_rldd/subject25/low_vigilance.mp4,DROWSY
UTA_RLDD,uta_rldd/subject26/alert.mp4,ALERT
UTA_RLDD,uta_rldd/subject26/drowsy.mp4,DROWSY
UTA_RLDD,uta_rldd/subject26/low_vigilance.mp4,DROWSY
UTA_RLDD,uta_rldd/subject27/alert.MOV,ALERT
UTA_RLDD,uta_rldd/subject27/drowsy.MOV,DROWSY
UTA_RLDD,uta_rldd/subject27/low_vigilance.MOV,DROWSY
UTA_RLDD,uta_rldd/subject28/alert.MOV,ALERT
UTA_RLDD,uta_rldd/subject28/drowsy.MOV,DROWSY
UTA_RLDD,uta_rldd/subject28/low_vigilance.MOV,DROWSY
UTA_RLDD,uta_rldd/subject29/alert.mp4,ALERT
UTA_RLDD,uta_rldd/subject29/drowsy.mp4,DROWSY
UTA_RLDD,uta_rldd/subject29/low_vigilance.mp4,DROWSY
UTA_RLDD,uta_rldd/subject30/alert.mp4,ALERT
UTA_RLDD,uta_rldd/subject30/drowsy.mp4,DROWSY
UTA_RLDD,uta_rldd/subject30/low_vigilance.mp4,DROWSY
UTA_RLDD,uta_rldd/subject31/alert.mp4,ALERT
UTA_RLDD,uta_rldd/subject31/drowsy.mp4,DROWSY
UTA_RLDD,uta_rldd/subject31/low_vigilance.mp4,DROWSY
UTA_RLDD,uta_rldd/subject32/alert.mp4,ALERT
UTA_RLDD,uta_rldd/subject32/drowsy.mp4,DROWSY
UTA_RLDD,uta_rldd/subject32/low_vigilance.mp4,DROWSY
UTA_RLDD,uta_rldd/subject33/alert.mp4,ALERT
UTA_RLDD,uta_rldd/subject33/drowsy.mp4,DROWSY
UTA_RLDD,uta_rldd/subject33/low_vigilance.mp4,DROWSY
UTA_RLDD,uta_rldd/subject34/alert.mov,ALERT
UTA_RLDD,uta_rldd/subject34/drowsy.mp4,DROWSY
UTA_RLDD,uta_rldd/subject34/low_vigilance.mov,DROWSY
UTA_RLDD,uta_rldd/subject35/alert.mp4,ALERT
UTA_RLDD,uta_rldd/subject35/drowsy.mp4,DROWSY
UTA_RLDD,uta_rldd/subject35/low_vigilance.mp4,DROWSY
UTA_RLDD,uta_rldd/subject36/alert.mp4,ALERT
UTA_RLDD,uta_rldd/subject36/drowsy.mp4,DROWSY
UTA_RLDD,uta_rldd/subject36/low_vigilance.mp4,DROWSY
NITYMED,nitymed/subject01/microsleep/P1042762_720.mp4,DROWSY
NITYMED,nitymed/subject01/microsleep/P1042797_720.mp4,DROWSY
NITYMED,nitymed/subject01/microsleep/P1043115_720.mp4,DROWSY
NITYMED,nitymed/subject01/microsleep/P1043122_720.mp4,DROWSY
NITYMED,nitymed/subject01/microsleep/P1043129_720.mp4,DROWSY
NITYMED,nitymed/subject01/yawning/P1042748_720.mp4,DROWSY
NITYMED,nitymed/subject01/yawning/P1042755_720.mp4,DROWSY
NITYMED,nitymed/subject01/yawning/P1042769_720.mp4,DROWSY
NITYMED,nitymed/subject01/yawning/P1042776_720.mp4,DROWSY
NITYMED,nitymed/subject01/yawning/P1042783_720.mp4,DROWSY
NITYMED,nitymed/subject01/yawning/P1042790_720.mp4,DROWSY
NITYMED,nitymed/subject01/yawning/P1043062_720.mp4,DROWSY
NITYMED,nitymed/subject01/yawning/P1043069_720.mp4,DROWSY
NITYMED,nitymed/subject01/yawning/P1043076_720.mp4,DROWSY
NITYMED,nitymed/subject01/yawning/P1043083_720.mp4,DROWSY
NITYMED,nitymed/subject01/yawning/P1043090_720.mp4,DROWSY
NITYMED,nitymed/subject01/yawning/P1043101_720.mp4,DROWSY
NITYMED,nitymed/subject01/yawning/P1043108_720.mp4,DROWSY
NITYMED,nitymed/subject02/microsleep/P1042756_720.mp4,DROWSY
NITYMED,nitymed/subject02/yawning/P1042749_720.mp4,DROWSY
NITYMED,nitymed/subject02/yawning/P1042763_720.mp4,DROWSY
NITYMED,nitymed/subject02/yawning/P1042770_720.mp4,DROWSY
NITYMED,nitymed/subject02/yawning/P1042777_720.mp4,DROWSY
NITYMED,nitymed/subject02/yawning/P1042784_720.mp4,DROWSY
NITYMED,nitymed/subject02/yawning/P1042791_720.mp4,DROWSY
NITYMED,nitymed/subject02/yawning/P1042798_720.mp4,DROWSY
NITYMED,nitymed/subject02/yawning/P1043063_720.mp4,DROWSY
NITYMED,nitymed/subject02/yawning/P1043070_720.mp4,DROWSY
NITYMED,nitymed/subject02/yawning/P1043077_720.mp4,DROWSY
NITYMED,nitymed/subject02/yawning/P1043084_720.mp4,DROWSY
NITYMED,nitymed/subject02/yawning/P1043091_720.mp4,DROWSY
NITYMED,nitymed/subject02/yawning/P1043102_720.mp4,DROWSY
NITYMED,nitymed/subject02/yawning/P1043109_720.mp4,DROWSY
NITYMED,nitymed/subject02/yawning/P1043116_720.mp4,DROWSY
NITYMED,nitymed/subject02/yawning/P1043123_720.mp4,DROWSY
NITYMED,nitymed/subject02/yawning/P1043130_720.mp4,DROWSY
NITYMED,nitymed/subject03/microsleep/P1042757_720.mp4,DROWSY
NITYMED,nitymed/subject03/yawning/P1042750_720.mp4,DROWSY
NITYMED,nitymed/subject03/yawning/P1042764_720.mp4,DROWSY
NITYMED,nitymed/subject03/yawning/P1042771_720.mp4,DROWSY
NITYMED,nitymed/subject03/yawning/P1042778_720.mp4,DROWSY
NITYMED,nitymed/subject03/yawning/P1042785_720.mp4,DROWSY
NITYMED,nitymed/subject03/yawning/P1042792_720.mp4,DROWSY
NITYMED,nitymed/subject03/yawning/P1042799_720.mp4,DROWSY
NITYMED,nitymed/subject03/yawning/P1043064_720.mp4,DROWSY
NITYMED,nitymed/subject03/yawning/P1043071_720.mp4,DROWSY
NITYMED,nitymed/subject03/yawning/P1043078_720.mp4,DROWSY
NITYMED,nitymed/subject03/yawning/P1043085_720.mp4,DROWSY
NITYMED,nitymed/subject03/yawning/P1043092_720.mp4,DROWSY
NITYMED,nitymed/subject03/yawning/P1043103_720.mp4,DROWSY
NITYMED,nitymed/subject03/yawning/P1043110_720.mp4,DROWSY
NITYMED,nitymed/subject03/yawning/P1043117_720.mp4,DROWSY
NITYMED,nitymed/subject03/yawning/P1043124_720.mp4,DROWSY
NITYMED,nitymed/subject03/yawning/P1043131_720.mp4,DROWSY
NITYMED,nitymed/subject04/microsleep/P1042751_720.mp4,DROWSY
NITYMED,nitymed/subject04/microsleep/P1042772_720.mp4,DROWSY
NITYMED,nitymed/subject04/microsleep/P1042786_720.mp4,DROWSY
NITYMED,nitymed/subject04/microsleep/P1042793_720.mp4,DROWSY
NITYMED,nitymed/subject04/yawning/P1042758_720.mp4,DROWSY
NITYMED,nitymed/subject04/yawning/P1042765_720.mp4,DROWSY
NITYMED,nitymed/subject04/yawning/P1042779_720.mp4,DROWSY
NITYMED,nitymed/subject04/yawning/P1042800_720.mp4,DROWSY
NITYMED,nitymed/subject04/yawning/P1043065_720.mp4,DROWSY
NITYMED,nitymed/subject04/yawning/P1043072_720.mp4,DROWSY
NITYMED,nitymed/subject04/yawning/P1043079_720.mp4,DROWSY
NITYMED,nitymed/subject04/yawning/P1043086_720.mp4,DROWSY
NITYMED,nitymed/subject04/yawning/P1043093_720.mp4,DROWSY
NITYMED,nitymed/subject04/yawning/P1043104_720.mp4,DROWSY
NITYMED,nitymed/subject04/yawning/P1043111_720.mp4,DROWSY
NITYMED,nitymed/subject04/yawning/P1043118_720.mp4,DROWSY
NITYMED,nitymed/subject04/yawning/P1043125_720.mp4,DROWSY
NITYMED,nitymed/subject04/yawning/P1043132_720.mp4,DROWSY
NITYMED,nitymed/subject05/microsleep/P1042787_720.mp4,DROWSY
NITYMED,nitymed/subject05/yawning/P1042752_720.mp4,DROWSY
NITYMED,nitymed/subject05/yawning/P1042759_720.mp4,DROWSY
NITYMED,nitymed/subject05/yawning/P1042766_720.mp4,DROWSY
NITYMED,nitymed/subject05/yawning/P1042773_720.mp4,DROWSY
NITYMED,nitymed/subject05/yawning/P1042780_720.mp4,DROWSY
NITYMED,nitymed/subject05/yawning/P1042794_720.mp4,DROWSY
NITYMED,nitymed/subject05/yawning/P1042801_720.mp4,DROWSY
NITYMED,nitymed/subject05/yawning/P1043066_720.mp4,DROWSY
NITYMED,nitymed/subject05/yawning/P1043073_720.mp4,DROWSY
NITYMED,nitymed/subject05/yawning/P1043080_720.mp4,DROWSY
NITYMED,nitymed/subject05/yawning/P1043087_720.mp4,DROWSY
NITYMED,nitymed/subject05/yawning/P1043094_720.mp4,DROWSY
NITYMED,nitymed/subject05/yawning/P1043105_720.mp4,DROWSY
NITYMED,nitymed/subject05/yawning/P1043112_720.mp4,DROWSY
NITYMED,nitymed/subject05/yawning/P1043119_720.mp4,DROWSY
NITYMED,nitymed/subject05/yawning/P1043126_720.mp4,DROWSY
NITYMED,nitymed/subject05/yawning/P1043133_720.mp4,DROWSY
NITYMED,nitymed/subject06/microsleep/P1042767_720.mp4,DROWSY
NITYMED,nitymed/subject06/microsleep/P1043067_720.mp4,DROWSY
NITYMED,nitymed/subject06/microsleep/P1043106_720.mp4,DROWSY
NITYMED,nitymed/subject06/yawning/P1042753_720.mp4,DROWSY
NITYMED,nitymed/subject06/yawning/P1042760_720.mp4,DROWSY
NITYMED,nitymed/subject06/yawning/P1042774_720.mp4,DROWSY
NITYMED,nitymed/subject06/yawning/P1042781_720.mp4,DROWSY
NITYMED,nitymed/subject06/yawning/P1042788_720.mp4,DROWSY
NITYMED,nitymed/subject06/yawning/P1042795_720.mp4,DROWSY
NITYMED,nitymed/subject06/yawning/P1043060_720.mp4,DROWSY
NITYMED,nitymed/subject06/yawning/P1043074_720.mp4,DROWSY
NITYMED,nitymed/subject06/yawning/P1043081_720.mp4,DROWSY
NITYMED,nitymed/subject06/yawning/P1043088_720.mp4,DROWSY
NITYMED,nitymed/subject06/yawning/P1043095_720.mp4,DROWSY
NITYMED,nitymed/subject06/yawning/P1043113_720.mp4,DROWSY
NITYMED,nitymed/subject06/yawning/P1043120_720.mp4,DROWSY
NITYMED,nitymed/subject06/yawning/P1043127_720.mp4,DROWSY
NITYMED,nitymed/subject06/yawning/P1043134_720.mp4,DROWSY
NITYMED,nitymed/subject07/microsleep/P1043068_720.mp4,DROWSY
NITYMED,nitymed/subject07/microsleep/P1043075_720.mp4,DROWSY
NITYMED,nitymed/subject07/microsleep/P1043089_720.mp4,DROWSY
NITYMED,nitymed/subject07/microsleep/P1043114_720.mp4,DROWSY
NITYMED,nitymed/subject07/yawning/P1042754_720.mp4,DROWSY
NITYMED,nitymed/subject07/yawning/P1042761_720.mp4,DROWSY
NITYMED,nitymed/subject07/yawning/P1042768_720.mp4,DROWSY
NITYMED,nitymed/subject07/yawning/P1042775_720.mp4,DROWSY
NITYMED,nitymed/subject07/yawning/P1042782_720.mp4,DROWSY
NITYMED,nitymed/subject07/yawning/P1042789_720.mp4,DROWSY
NITYMED,nitymed/subject07/yawning/P1042796_720.mp4,DROWSY
NITYMED,nitymed/subject07/yawning/P1043061_720.mp4,DROWSY
NITYMED,nitymed/subject07/yawning/P1043082_720.mp4,DROWSY
NITYMED,nitymed/subject07/yawning/P1043100_720.mp4,DROWSY
NITYMED,nitymed/subject07/yawning/P1043107_720.mp4,DROWSY
NITYMED,nitymed/subject07/yawning/P1043121_720.mp4,DROWSY
NITYMED,nitymed/subject07/yawning/P1043128_720.mp4,DROWSY
NITYMED,nitymed/subject07/yawning/P1043135_720.mp4,DROWSY
Testing_Dataset_NTHU,Testing_Dataset_NTHU/003_glasses_mix.mp4,
Testing_Dataset_NTHU,Testing_Dataset_NTHU/003_nightglasses_mix.mp4,
Testing_Dataset_NTHU,Testing_Dataset_NTHU/003_nightnoglasses_mix.mp4,
Testing_Dataset_NTHU,Testing_Dataset_NTHU/003_noglasses_mix.mp4,
Testing_Dataset_NTHU,Testing_Dataset_NTHU/003_sunglasses_mix.mp4,
Testing_Dataset_NTHU,Testing_Dataset_NTHU/010_glasses_mix.mp4,
Testing_Dataset_NTHU,Testing_Dataset_NTHU/010_nightglasses_mix.mp4,
Testing_Dataset_NTHU,Testing_Dataset_NTHU/010_nightnoglasses_mix.mp4,
Testing_Dataset_NTHU,Testing_Dataset_NTHU/010_noglasses_mix.mp4,
Testing_Dataset_NTHU,Testing_Dataset_NTHU/010_sunglasses_mix.mp4,
Testing_Dataset_NTHU,Testing_Dataset_NTHU/011_glasses_mix.mp4,
Testing_Dataset_NTHU,Testing_Dataset_NTHU/011_nightglasses_mix.mp4,
Testing_Dataset_NTHU,Testing_Dataset_NTHU/011_nightnoglasses_mix.mp4,
Testing_Dataset_NTHU,Testing_Dataset_NTHU/011_noglasses_mix.mp4,
Testing_Dataset_NTHU,Testing_Dataset_NTHU/011_sunglasses_mix.mp4,
Testing_Dataset_NTHU,Testing_Dataset_NTHU/014_glasses_mix.mp4,
Testing_Dataset_NTHU,Testing_Dataset_NTHU/014_nightglasses_mix.mp4,
Testing_Dataset_NTHU,Testing_Dataset_NTHU/014_nightnoglasses_mix.mp4,
Testing_Dataset_NTHU,Testing_Dataset_NTHU/014_noglasses_mix.mp4,
Testing_Dataset_NTHU,Testing_Dataset_NTHU/014_sunglasses_mix.mp4,
Testing_Dataset_NTHU,Testing_Dataset_NTHU/016_glasses_mix.mp4,
Testing_Dataset_NTHU,Testing_Dataset_NTHU/016_nightglasses_mix.mp4,
Testing_Dataset_NTHU,Testing_Dataset_NTHU/016_nightnoglasses_mix.mp4,
Testing_Dataset_NTHU,Testing_Dataset_NTHU/016_noglasses_mix.mp4,
Testing_Dataset_NTHU,Testing_Dataset_NTHU/016_sunglasses_mix.mp4,
Testing_Dataset_NTHU,Testing_Dataset_NTHU/017_glasses_mix.mp4,
Testing_Dataset_NTHU,Testing_Dataset_NTHU/017_nightglasses_mix.mp4,
Testing_Dataset_NTHU,Testing_Dataset_NTHU/017_nightnoglasses_mix.mp4,
Testing_Dataset_NTHU,Testing_Dataset_NTHU/017_noglasses_mix.mp4,
Testing_Dataset_NTHU,Testing_Dataset_NTHU/017_sunglasses_mix.mp4,
Testing_Dataset_NTHU,Testing_Dataset_NTHU/018_glasses_mix.mp4,
Testing_Dataset_NTHU,Testing_Dataset_NTHU/018_nightglasses_mix.mp4,
Testing_Dataset_NTHU,Testing_Dataset_NTHU/018_nightnoglasses_mix.mp4,
Testing_Dataset_NTHU,Testing_Dataset_NTHU/018_noglasses_mix.mp4,
Testing_Dataset_NTHU,Testing_Dataset_NTHU/018_sunglasses_mix.mp4,
Testing_Dataset_NTHU,Testing_Dataset_NTHU/019_glasses_mix.mp4,
Testing_Dataset_NTHU,Testing_Dataset_NTHU/019_nightglasses_mix.mp4,
Testing_Dataset_NTHU,Testing_Dataset_NTHU/019_nightnoglasses_mix.mp4,
Testing_Dataset_NTHU,Testing_Dataset_NTHU/019_noglasses_mix.mp4,
Testing_Dataset_NTHU,Testing_Dataset_NTHU/019_sunglasses_mix.mp4,
Testing_Dataset_NTHU,Testing_Dataset_NTHU/021_glasses_mix.mp4,
Testing_Dataset_NTHU,Testing_Dataset_NTHU/021_nightglasses_mix.mp4,
Testing_Dataset_NTHU,Testing_Dataset_NTHU/021_nightnoglasses_mix.mp4,
Testing_Dataset_NTHU,Testing_Dataset_NTHU/021_noglasses_mix.mp4,
Testing_Dataset_NTHU,Testing_Dataset_NTHU/021_sunglasses_mix.mp4,
Testing_Dataset_NTHU,Testing_Dataset_NTHU/025_glasses_mix.mp4,
Testing_Dataset_NTHU,Testing_Dataset_NTHU/025_nightglasses_mix.mp4,
Testing_Dataset_NTHU,Testing_Dataset_NTHU/025_nightnoglasses_mix.mp4,
Testing_Dataset_NTHU,Testing_Dataset_NTHU/025_noglasses_mix.mp4,
Testing_Dataset_NTHU,Testing_Dataset_NTHU/025_sunglasses_mix.mp4,
Testing_Dataset_NTHU,Testing_Dataset_NTHU/027_glasses_mix.mp4,
Testing_Dataset_NTHU,Testing_Dataset_NTHU/027_nightglasses_mix.mp4,
Testing_Dataset_NTHU,Testing_Dataset_NTHU/027_nightnoglasses_mix.mp4,
Testing_Dataset_NTHU,Testing_Dataset_NTHU/027_noglasses_mix.mp4,
Testing_Dataset_NTHU,Testing_Dataset_NTHU/027_sunglasses_mix.mp4,
Testing_Dataset_NTHU,Testing_Dataset_NTHU/028_glasses_mix.mp4,
Testing_Dataset_NTHU,Testing_Dataset_NTHU/028_nightglasses_mix.mp4,
Testing_Dataset_NTHU,Testing_Dataset_NTHU/028_nightnoglasses_mix.mp4,
Testing_Dataset_NTHU,Testing_Dataset_NTHU/028_noglasses_mix.mp4,
Testing_Dataset_NTHU,Testing_Dataset_NTHU/028_sunglasses_mix.mp4,
Testing_Dataset_NTHU,Testing_Dataset_NTHU/029_glasses_mix.mp4,
Testing_Dataset_NTHU,Testing_Dataset_NTHU/029_nightglasses_mix.mp4,
Testing_Dataset_NTHU,Testing_Dataset_NTHU/029_nightnoglasses_mix.mp4,
Testing_Dataset_NTHU,Testing_Dataset_NTHU/029_noglasses_mix.mp4,
Testing_Dataset_NTHU,Testing_Dataset_NTHU/029_sunglasses_mix.mp4,
Testing_Dataset_NTHU,Testing_Dataset_NTHU/037_glasses_mix.mp4,
Testing_Dataset_NTHU,Testing_Dataset_NTHU/037_nightglasses_mix.mp4,
Testing_Dataset_NTHU,Testing_Dataset_NTHU/037_nightnoglasses_mix.mp4,
Testing_Dataset_NTHU,Testing_Dataset_NTHU/037_noglasses_mix.mp4,
Testing_Dataset_NTHU,Testing_Dataset_NTHU/037_sunglasses_mix.mp4,
